dropped_dimension,spearman_rho,p_value,year
D1,0.6962406015037594,0.00064992440549734,2023
D2,0.8030075187969924,2.024332720754995e-05,2023
D3,0.7428571428571428,0.00017540444660487075,2023
D4,0.9759398496240601,2.351920209922708e-13,2023
